{
  "offset": {
    "AUS": 1.0,
    "CHI": 1.2999999999999972,
    "DEN": 1.7000000000000028,
    "HOU": 1.4000000000000057,
    "MIA": 0.7000000000000028,
    "NY": -0.6000000000000014,
    "PHIL": 0.5,
    "LAX": 0.7000000000000028
  },
  "sigma_cs": {
    "AUS|DJF": 1.1329648058829749,
    "CHI|SON": 0.9597068842437891,
    "CHI|JJA": 1.4657963008763195,
    "DEN|SON": 1.505807572697465,
    "DEN|MAM": 1.1712056365018686,
    "HOU|SON": 1.3930645824288286,
    "HOU|DJF": 1.3248397332944413,
    "MIA|MAM": 1.0423712943884027,
    "NY|DJF": 1.2371538232828874,
    "PHIL|DJF": 1.2351244623772986,
    "AUS|MAM": 0.97717016818706,
    "CHI|DJF": 1.3938532305605458,
    "DEN|JJA": 1.2465160325166893,
    "LAX|JJA": 0.9819992334172533,
    "MIA|SON": 1.0988092101556373,
    "AUS|SON": 1.4840598721145093,
    "MIA|DJF": 1.1591571783849839,
    "NY|SON": 0.9641843191166022,
    "NY|JJA": 1.5002125133265682,
    "PHIL|MAM": 1.1537860433890503,
    "MIA|JJA": 1.2816965295509453,
    "PHIL|JJA": 0.9329985505422187,
    "DEN|DJF": 1.1797391300627118,
    "LAX|DJF": 1.2492491251241196,
    "NY|MAM": 1.407770717174563,
    "CHI|MAM": 1.813979278899335,
    "AUS|JJA": 1.1725164254841207,
    "LAX|MAM": 0.9578114253328538,
    "PHIL|SON": 2.0670521044510997
  },
  "sigma_c": {
    "AUS": 1.1518491412228093,
    "CHI": 1.4998787137067402,
    "DEN": 1.344820952381532,
    "HOU": 1.3404478247852396,
    "MIA": 1.1512849010464699,
    "NY": 1.5268478682376452,
    "PHIL": 1.3053331585706316,
    "LAX": 1.0458391402684972
  },
  "divergence": 0.08,
  "band_lo": 0.1,
  "band_hi": 0.9,
  "spread_haircut": 0.03,
  "train_end": "2025-08-15"
}