{
  "KXATPMATCH": {
    "n_open": 62,
    "n_with_book": 30,
    "n_in_band": 14,
    "spread_buckets": {
      "1c": 27,
      "2c": 3,
      "3c": 0,
      "4-6c": 0,
      "7-10c": 0,
      ">10c": 0
    },
    "median_spread_cents": 1.0000000000000009,
    "spreads_sample": [
      1.0,
      1.0,
      1.0,
      1.0,
      2.0,
      2.0,
      1.0,
      2.0,
      1.0,
      1.0,
      1.0,
      1.0,
      1.0,
      1.0,
      1.0,
      1.0,
      1.0,
      1.0,
      1.0,
      1.0
    ]
  },
  "KXWTAMATCH": {
    "n_open": 64,
    "n_with_book": 30,
    "n_in_band": 10,
    "spread_buckets": {
      "1c": 22,
      "2c": 6,
      "3c": 2,
      "4-6c": 0,
      "7-10c": 0,
      ">10c": 0
    },
    "median_spread_cents": 1.0000000000000009,
    "spreads_sample": [
      2.0,
      1.0,
      2.0,
      3.0,
      1.0,
      3.0,
      1.0,
      1.0,
      2.0,
      2.0,
      1.0,
      1.0,
      1.0,
      1.0,
      1.0,
      1.0,
      1.0,
      1.0,
      2.0,
      1.0
    ]
  },
  "KXMLBGAME": {
    "n_open": 72,
    "n_with_book": 30,
    "n_in_band": 30,
    "spread_buckets": {
      "1c": 2,
      "2c": 1,
      "3c": 2,
      "4-6c": 13,
      "7-10c": 12,
      ">10c": 0
    },
    "median_spread_cents": 6.0,
    "spreads_sample": [
      7.0,
      7.0,
      6.0,
      2.0,
      5.0,
      4.0,
      9.0,
      8.0,
      1.0,
      6.0,
      1.0,
      6.0,
      7.0,
      8.0,
      5.0,
      5.0,
      7.0,
      7.0,
      7.0,
      8.0
    ]
  },
  "KXNBAGAME": {
    "n_open": 2,
    "n_with_book": 2,
    "n_in_band": 2,
    "spread_buckets": {
      "1c": 1,
      "2c": 1,
      "3c": 0,
      "4-6c": 0,
      "7-10c": 0,
      ">10c": 0
    },
    "median_spread_cents": 2.0000000000000018,
    "spreads_sample": [
      2.0,
      1.0
    ]
  },
  "KXMLBTOTAL": {
    "n_open": 165,
    "n_with_book": 30,
    "n_in_band": 11,
    "spread_buckets": {
      "1c": 15,
      "2c": 11,
      "3c": 3,
      "4-6c": 1,
      "7-10c": 0,
      ">10c": 0
    },
    "median_spread_cents": 1.9999999999999907,
    "spreads_sample": [
      2.0,
      2.0,
      1.0,
      1.0,
      1.0,
      1.0,
      4.0,
      1.0,
      1.0,
      2.0,
      2.0,
      2.0,
      2.0,
      1.0,
      1.0,
      3.0,
      3.0,
      2.0,
      1.0,
      1.0
    ]
  },
  "KXMLBSPREAD": {
    "n_open": 90,
    "n_with_book": 30,
    "n_in_band": 13,
    "spread_buckets": {
      "1c": 25,
      "2c": 4,
      "3c": 1,
      "4-6c": 0,
      "7-10c": 0,
      ">10c": 0
    },
    "median_spread_cents": 1.0000000000000009,
    "spreads_sample": [
      1.0,
      2.0,
      1.0,
      1.0,
      1.0,
      1.0,
      1.0,
      1.0,
      1.0,
      1.0,
      1.0,
      2.0,
      1.0,
      1.0,
      1.0,
      1.0,
      1.0,
      1.0,
      1.0,
      1.0
    ]
  },
  "KXNBATOTAL": {
    "n_open": 11,
    "n_with_book": 11,
    "n_in_band": 6,
    "spread_buckets": {
      "1c": 1,
      "2c": 4,
      "3c": 5,
      "4-6c": 1,
      "7-10c": 0,
      ">10c": 0
    },
    "median_spread_cents": 2.9999999999999916,
    "spreads_sample": [
      3.0,
      4.0,
      3.0,
      2.0,
      2.0,
      2.0,
      2.0,
      3.0,
      3.0,
      3.0,
      1.0
    ]
  },
  "KXNBASPREAD": {
    "n_open": 33,
    "n_with_book": 30,
    "n_in_band": 10,
    "spread_buckets": {
      "1c": 4,
      "2c": 9,
      "3c": 9,
      "4-6c": 8,
      "7-10c": 0,
      ">10c": 0
    },
    "median_spread_cents": 2.9999999999999973,
    "spreads_sample": [
      3.0,
      3.0,
      2.0,
      5.0,
      5.0,
      4.0,
      4.0,
      3.0,
      2.0,
      1.0,
      2.0,
      3.0,
      2.0,
      4.0,
      3.0,
      3.0,
      2.0,
      2.0,
      2.0,
      1.0
    ]
  },
  "KXTSAW": {
    "n_open": 21,
    "n_with_book": 16,
    "n_in_band": 1,
    "spread_buckets": {
      "1c": 1,
      "2c": 1,
      "3c": 1,
      "4-6c": 0,
      "7-10c": 13,
      ">10c": 0
    },
    "median_spread_cents": 8.999999999999996,
    "spreads_sample": [
      3.0,
      1.0,
      9.0,
      8.0,
      7.0,
      2.0,
      9.0,
      9.0,
      9.0,
      9.0,
      9.0,
      7.0,
      9.0,
      9.0,
      9.0,
      9.0
    ]
  },
  "KXAPRPOTUS": {
    "n_open": 8,
    "n_with_book": 8,
    "n_in_band": 0,
    "spread_buckets": {
      "1c": 8,
      "2c": 0,
      "3c": 0,
      "4-6c": 0,
      "7-10c": 0,
      ">10c": 0
    },
    "median_spread_cents": 1.0000000000000036,
    "spreads_sample": [
      1.0,
      1.0,
      1.0,
      1.0,
      1.0,
      1.0,
      1.0,
      1.0
    ]
  },
  "KXFEDDECISION": {
    "n_open": 70,
    "n_with_book": 30,
    "n_in_band": 10,
    "spread_buckets": {
      "1c": 0,
      "2c": 1,
      "3c": 0,
      "4-6c": 0,
      "7-10c": 6,
      ">10c": 23
    },
    "median_spread_cents": 29.000000000000004,
    "spreads_sample": [
      12.0,
      10.0,
      9.0,
      47.0,
      17.0,
      2.0,
      47.0,
      10.0,
      10.0,
      55.0,
      9.0,
      11.0,
      17.0,
      9.0,
      55.0,
      12.0,
      11.0,
      51.0,
      11.0,
      50.0
    ]
  },
  "KXITFMATCH": {
    "n_open": 312,
    "n_with_book": 30,
    "n_in_band": 15,
    "spread_buckets": {
      "1c": 0,
      "2c": 0,
      "3c": 2,
      "4-6c": 9,
      "7-10c": 6,
      ">10c": 13
    },
    "median_spread_cents": 8.999999999999996,
    "spreads_sample": [
      24.0,
      75.0,
      96.0,
      96.0,
      96.0,
      96.0,
      65.0,
      28.0,
      19.0,
      15.0,
      9.0,
      9.0,
      6.0,
      3.0,
      19.0,
      19.0,
      8.0,
      11.0,
      3.0,
      6.0
    ]
  },
  "KXITFWMATCH": {
    "n_open": 246,
    "n_with_book": 30,
    "n_in_band": 25,
    "spread_buckets": {
      "1c": 0,
      "2c": 0,
      "3c": 0,
      "4-6c": 2,
      "7-10c": 3,
      ">10c": 25
    },
    "median_spread_cents": 85.99999999999999,
    "spreads_sample": [
      14.0,
      40.0,
      96.0,
      96.0,
      96.0,
      96.0,
      96.0,
      96.0,
      96.0,
      96.0,
      96.0,
      96.0,
      90.0,
      58.0,
      86.0,
      86.0,
      11.0,
      6.0,
      86.0,
      86.0
    ]
  }
}