{
  "per_prefix": {
    "KXNFLGAME": {
      "train": {
        "n_trades": 8393,
        "n_events": 54,
        "trade_mean": 0.03465953770999643,
        "event_mean": 0.07235275277363967,
        "boot_ci_lo": 0.02349252343362624,
        "boot_ci_hi": 0.11502687263991458,
        "win_rate": 0.9115929941618015
      },
      "oos": {
        "n_trades": 377232,
        "n_events": 164,
        "trade_mean": -0.017460395724646898,
        "event_mean": 0.036485580758229545,
        "boot_ci_lo": 0.011632870681574444,
        "boot_ci_hi": 0.059367539995604776,
        "win_rate": 0.8469297408491326
      },
      "verdict": "PERSIST"
    },
    "KXNFLSPREAD": {
      "train": {
        "n_trades": 19,
        "n_events": 6,
        "trade_mean": 0.07118421052631578,
        "event_mean": 0.05416666666666667,
        "boot_ci_lo": 0.026770833333333337,
        "boot_ci_hi": 0.08083854166666664,
        "win_rate": 1.0
      },
      "oos": {
        "n_trades": 24992,
        "n_events": 160,
        "trade_mean": 0.0350968309859155,
        "event_mean": -0.08396108882915543,
        "boot_ci_lo": -0.13140973298934694,
        "boot_ci_hi": -0.03826342402893539,
        "win_rate": 0.908690781049936
      },
      "verdict": "OOS_NULL"
    },
    "KXNFLTOTAL": {
      "train": {
        "n_trades": 28,
        "n_events": 7,
        "trade_mean": 0.06473214285714286,
        "event_mean": 0.05295493197278912,
        "boot_ci_lo": 0.02013392857142858,
        "boot_ci_hi": 0.09291369047619033,
        "win_rate": 1.0
      },
      "oos": {
        "n_trades": 29393,
        "n_events": 153,
        "trade_mean": -0.028669240975742513,
        "event_mean": -0.09813206102067173,
        "boot_ci_lo": -0.1542094690861502,
        "boot_ci_hi": -0.04441407658183482,
        "win_rate": 0.8298234273466472
      },
      "verdict": "OOS_NULL"
    },
    "KXNBAGAME": {
      "train": {
        "n_trades": 54494,
        "n_events": 86,
        "trade_mean": -0.03857176936910485,
        "event_mean": 0.00986476654468646,
        "boot_ci_lo": -0.029437767009657494,
        "boot_ci_hi": 0.04781040582286106,
        "win_rate": 0.8286049840349397
      },
      "oos": {
        "n_trades": 273837,
        "n_events": 283,
        "trade_mean": 0.012639782060130667,
        "event_mean": 0.04506559927704736,
        "boot_ci_lo": 0.028860417135823848,
        "boot_ci_hi": 0.05969322908388538,
        "win_rate": 0.8820466189740612
      },
      "verdict": "OOS_ONLY"
    },
    "KXNBASPREAD": {
      "train": {
        "n_trades": 0,
        "n_events": 0
      },
      "oos": {
        "n_trades": 3380,
        "n_events": 224,
        "trade_mean": 0.03391715976331362,
        "event_mean": -0.029597462056805215,
        "boot_ci_lo": -0.06421692780068988,
        "boot_ci_hi": 0.001944771506422443,
        "win_rate": 0.9319526627218935
      },
      "verdict": "OOS_NULL"
    },
    "KXNBATOTAL": {
      "train": {
        "n_trades": 0,
        "n_events": 0
      },
      "oos": {
        "n_trades": 15125,
        "n_events": 233,
        "trade_mean": 0.03840181818181818,
        "event_mean": -0.06640321296376418,
        "boot_ci_lo": -0.10942955619913886,
        "boot_ci_hi": -0.023740195680730002,
        "win_rate": 0.9070413223140495
      },
      "verdict": "OOS_NULL"
    },
    "KXNBAWINS": {
      "train": {
        "n_trades": 0,
        "n_events": 0
      },
      "oos": {
        "n_trades": 0,
        "n_events": 0
      },
      "verdict": "INSUFFICIENT"
    },
    "KXMLBGAME": {
      "train": {
        "n_trades": 160492,
        "n_events": 1789,
        "trade_mean": 0.010067589038705986,
        "event_mean": 0.0341785978853614,
        "boot_ci_lo": 0.02763207777765032,
        "boot_ci_hi": 0.040661816091070696,
        "win_rate": 0.897776836228597
      },
      "oos": {
        "n_trades": 126316,
        "n_events": 414,
        "trade_mean": 0.029956201114664818,
        "event_mean": 0.03579322536247227,
        "boot_ci_lo": 0.021935118825767378,
        "boot_ci_hi": 0.048423362816950984,
        "win_rate": 0.9108268152886412
      },
      "verdict": "PERSIST"
    },
    "KXMLBSPREAD": {
      "train": {
        "n_trades": 0,
        "n_events": 0
      },
      "oos": {
        "n_trades": 1691,
        "n_events": 35,
        "trade_mean": 0.064081904198699,
        "event_mean": -0.03026350882034868,
        "boot_ci_lo": -0.1414210409679462,
        "boot_ci_hi": 0.061294162855301364,
        "win_rate": 0.9373151981076286
      },
      "verdict": "OOS_NULL"
    },
    "KXMLBTOTAL": {
      "train": {
        "n_trades": 0,
        "n_events": 0
      },
      "oos": {
        "n_trades": 3891,
        "n_events": 40,
        "trade_mean": 0.0008815214597789971,
        "event_mean": -0.05828635381619081,
        "boot_ci_lo": -0.13943212585162826,
        "boot_ci_hi": 0.011410581652006478,
        "win_rate": 0.9054227704960165
      },
      "verdict": "OOS_NULL"
    },
    "KXMLBWINS": {
      "train": {
        "n_trades": 491,
        "n_events": 18,
        "trade_mean": 0.16313136456211813,
        "event_mean": 0.035168066424242875,
        "boot_ci_lo": -0.1332737683817266,
        "boot_ci_hi": 0.16676507149093353,
        "win_rate": 0.9755600814663951
      },
      "oos": {
        "n_trades": 193,
        "n_events": 18,
        "trade_mean": -0.03126943005181344,
        "event_mean": -0.05668787544759765,
        "boot_ci_lo": -0.1862045575463631,
        "boot_ci_hi": 0.044637925668724154,
        "win_rate": 0.8911917098445595
      },
      "verdict": "NULL"
    },
    "KXNHLGAME": {
      "train": {
        "n_trades": 12865,
        "n_events": 83,
        "trade_mean": 0.0204760979401477,
        "event_mean": 0.04244816445684599,
        "boot_ci_lo": 0.0022191410212474613,
        "boot_ci_hi": 0.07863379298328517,
        "win_rate": 0.8865915273999223
      },
      "oos": {
        "n_trades": 94895,
        "n_events": 403,
        "trade_mean": -0.01099881447916117,
        "event_mean": 0.0064092421025013085,
        "boot_ci_lo": -0.013327793394186101,
        "boot_ci_hi": 0.024935852709126804,
        "win_rate": 0.8671795141999051
      },
      "verdict": "TRAIN_ONLY"
    },
    "KXNHLSPREAD": {
      "train": {
        "n_trades": 0,
        "n_events": 0
      },
      "oos": {
        "n_trades": 274,
        "n_events": 82,
        "trade_mean": 0.03231751824817519,
        "event_mean": -0.00970780772302703,
        "boot_ci_lo": -0.07426431727039023,
        "boot_ci_hi": 0.051974168062259955,
        "win_rate": 0.9233576642335767
      },
      "verdict": "OOS_NULL"
    },
    "KXNCAAFGAME": {
      "train": {
        "n_trades": 29309,
        "n_events": 145,
        "trade_mean": 0.059792981677982866,
        "event_mean": 0.04922231028459974,
        "boot_ci_lo": 0.015313478018905034,
        "boot_ci_hi": 0.07857366985500486,
        "win_rate": 0.9250059708621925
      },
      "oos": {
        "n_trades": 461432,
        "n_events": 717,
        "trade_mean": 0.004285360573172215,
        "event_mean": 0.04246675738608911,
        "boot_ci_lo": 0.03253247232731758,
        "boot_ci_hi": 0.052110556421087105,
        "win_rate": 0.8737105358969469
      },
      "verdict": "PERSIST"
    },
    "KXNCAAFSPREAD": {
      "train": {
        "n_trades": 92,
        "n_events": 12,
        "trade_mean": 0.015434782608695666,
        "event_mean": -0.09232012195121948,
        "boot_ci_lo": -0.3046510416666666,
        "boot_ci_hi": 0.06501496443089431,
        "win_rate": 0.967391304347826
      },
      "oos": {
        "n_trades": 11194,
        "n_events": 487,
        "trade_mean": 0.029163614436305173,
        "event_mean": -0.04911575612350066,
        "boot_ci_lo": -0.07554410408390787,
        "boot_ci_hi": -0.02545242509746208,
        "win_rate": 0.9209397891727711
      },
      "verdict": "NULL"
    },