{
  "deep_ITM_below_-5pct": {
    "yes_px_0.05_to_0.30": {
      "n": 111,
      "event_mean": 0.09353719246908651,
      "ci_lo": 0.027176032559371878,
      "ci_hi": 0.1634106314662714,
      "n_trades": 6410
    },
    "yes_px_0.30_to_0.50": {
      "n": 65,
      "event_mean": 0.12304408457243,
      "ci_lo": 0.01648420725377724,
      "ci_hi": 0.22146289995783558,
      "n_trades": 5167
    },
    "yes_px_0.50_to_0.70": {
      "n": 54,
      "event_mean": 0.2282607658655915,
      "ci_lo": 0.16228224167951744,
      "ci_hi": 0.29184617301741,
      "n_trades": 4870
    },
    "yes_px_0.70_to_0.95": {
      "n": 142,
      "event_mean": 0.11254980536287054,
      "ci_lo": 0.0957748178180308,
      "ci_hi": 0.12810193460830027,
      "n_trades": 5838
    },
    "yes_px_any": {
      "n": 262,
      "event_mean": 0.10140783571576929,
      "ci_lo": 0.07486006214763351,
      "ci_hi": 0.12844951267774155,
      "n_trades": 25573
    }
  },
  "ITM_-5_to_-1pct": {
    "yes_px_0.05_to_0.30": {
      "n": 1171,
      "event_mean": -0.0883627920411733,
      "ci_lo": -0.09480221247486145,
      "ci_hi": -0.08202491107754893,
      "n_trades": 55624
    },
    "yes_px_0.30_to_0.50": {
      "n": 477,
      "event_mean": -0.14191484274995528,
      "ci_lo": -0.16011915114696224,
      "ci_hi": -0.12280007833276747,
      "n_trades": 45618
    },
    "yes_px_0.50_to_0.70": {
      "n": 551,
      "event_mean": 0.18853654160482125,
      "ci_lo": 0.1693423479311513,
      "ci_hi": 0.2080130262962067,
      "n_trades": 41615
    },
    "yes_px_0.70_to_0.95": {
      "n": 1309,
      "event_mean": 0.10421510647033036,
      "ci_lo": 0.09918866590383256,
      "ci_hi": 0.1091174155710962,
      "n_trades": 52095
    },
    "yes_px_any": {
      "n": 1701,
      "event_mean": 0.013291115711395428,
      "ci_lo": 0.009852375141626507,
      "ci_hi": 0.01649537752581008,
      "n_trades": 219432
    }
  },
  "ATM_-1_to_+1pct": {
    "yes_px_0.05_to_0.30": {
      "n": 5384,
      "event_mean": -0.0042189713102980695,
      "ci_lo": -0.008404149700072014,
      "ci_hi": -0.000414273873706012,
      "n_trades": 980512
    },
    "yes_px_0.30_to_0.50": {
      "n": 5380,
      "event_mean": -0.0002831390055163745,
      "ci_lo": -0.0045080821828879306,
      "ci_hi": 0.0036353369935802045,
      "n_trades": 870613
    },
    "yes_px_0.50_to_0.70": {
      "n": 5379,
      "event_mean": 0.030731381135859395,
      "ci_lo": 0.026084175879890818,
      "ci_hi": 0.035353418836663666,
      "n_trades": 890939
    },
    "yes_px_0.70_to_0.95": {
      "n": 5383,
      "event_mean": 0.027257897067165422,
      "ci_lo": 0.023186368083139345,
      "ci_hi": 0.03142314511554717,
      "n_trades": 928806
    },
    "yes_px_any": {
      "n": 5408,
      "event_mean": 0.012933309934433758,
      "ci_lo": 0.011310946787048042,
      "ci_hi": 0.014519457586363447,
      "n_trades": 4011079
    }
  },
  "OTM_+1_to_+5pct": {
    "yes_px_0.05_to_0.30": {
      "n": 1160,
      "event_mean": -0.08230817173744569,
      "ci_lo": -0.08920769248535848,
      "ci_hi": -0.07550667968096207,
      "n_trades": 49418
    },
    "yes_px_0.30_to_0.50": {
      "n": 502,
      "event_mean": -0.08814105229963942,
      "ci_lo": -0.11013300838651903,
      "ci_hi": -0.06613851607066963,
      "n_trades": 36665
    },
    "yes_px_0.50_to_0.70": {
      "n": 578,
      "event_mean": 0.22736559437866258,
      "ci_lo": 0.21004861183245627,
      "ci_hi": 0.24274595676326322,
      "n_trades": 34789
    },
    "yes_px_0.70_to_0.95": {
      "n": 1341,
      "event_mean": 0.10624224831304412,
      "ci_lo": 0.10126950814252948,
      "ci_hi": 0.11099669722916451,
      "n_trades": 50987
    },
    "yes_px_any": {
      "n": 1745,
      "event_mean": 0.02379684228857779,
      "ci_lo": 0.020914193697644714,
      "ci_hi": 0.026780646910020654,
      "n_trades": 197221
    }
  },
  "deep_OTM_above_+5pct": {
    "yes_px_0.05_to_0.30": {
      "n": 90,
      "event_mean": -0.07561449706419453,
      "ci_lo": -0.09863699495060736,
      "ci_hi": -0.04789510323793258,
      "n_trades": 9889
    },
    "yes_px_0.30_to_0.50": {
      "n": 45,
      "event_mean": -0.06260507316451118,
      "ci_lo": -0.12883075432940133,
      "ci_hi": 0.016641259324788805,
      "n_trades": 9062
    },
    "yes_px_0.50_to_0.70": {
      "n": 54,
      "event_mean": 0.1973645645532945,
      "ci_lo": 0.12397499670896386,
      "ci_hi": 0.2658444553605697,
      "n_trades": 9527
    },
    "yes_px_0.70_to_0.95": {
      "n": 100,
      "event_mean": 0.11343139991825435,
      "ci_lo": 0.09571876232782707,
      "ci_hi": 0.1284302297074006,
      "n_trades": 10177
    },
    "yes_px_any": {
      "n": 152,
      "event_mean": 0.027049188798893977,
      "ci_lo": 0.012785871014027478,
      "ci_hi": 0.04326849390197098,
      "n_trades": 43323
    }
  }
}