{
  "baseline": {
    "train": {
      "n_trades": 110248,
      "n_events": 1786,
      "event_mean": 0.050949896139509926,
      "ci_lo": 0.04242047562775609,
      "ci_hi": 0.059568982931533364
    },
    "oos": {
      "n_trades": 91031,
      "n_events": 413,
      "event_mean": 0.052797780211499126,
      "ci_lo": 0.0345339348039738,
      "ci_hi": 0.0698138286862562
    }
  },
  "cells": {
    "LOW[.70,.86)": {
      "train": {
        "n_trades": 58157,
        "n_events": 1736,
        "event_mean": 0.08061434805241734,
        "ci_lo": 0.06891630082135256,
        "ci_hi": 0.09211741427965571
      },
      "oos": {
        "n_trades": 50115,
        "n_events": 408,
        "event_mean": 0.08327716360720291,
        "ci_lo": 0.059632589748720724,
        "ci_hi": 0.10520460967906814
      }
    },
    "B1[.70,.78)": {
      "train": {
        "n_trades": 28179,
        "n_events": 1601,
        "event_mean": 0.07892113634440845,
        "ci_lo": 0.06408439243293026,
        "ci_hi": 0.09314135740495597
      },
      "oos": {
        "n_trades": 24172,
        "n_events": 385,
        "event_mean": 0.08051098642002899,
        "ci_lo": 0.04959300821389389,
        "ci_hi": 0.11000001630951091
      }
    },
    "B2[.78,.86)": {
      "train": {
        "n_trades": 29978,
        "n_events": 1643,
        "event_mean": 0.07502151417957144,
        "ci_lo": 0.06275130306742067,
        "ci_hi": 0.08637929849944236
      },
      "oos": {
        "n_trades": 25943,
        "n_events": 400,
        "event_mean": 0.08530113070107577,
        "ci_lo": 0.061841023089255716,
        "ci_hi": 0.10661762107706388
      }
    },
    "B3[.86,.95]": {
      "train": {
        "n_trades": 52091,
        "n_events": 1733,
        "event_mean": 0.027895219081705832,
        "ci_lo": 0.018699208448335232,
        "ci_hi": 0.037253305545837265
      },
      "oos": {
        "n_trades": 40916,
        "n_events": 407,
        "event_mean": 0.037951666192455984,
        "ci_lo": 0.017285524273261813,
        "ci_hi": 0.05432517790119286
      }
    },
    "Tnear<3h": {
      "train": {
        "n_trades": 107456,
        "n_events": 1780,
        "event_mean": 0.05178411492272907,
        "ci_lo": 0.042751370659878433,
        "ci_hi": 0.06022199206096207
      },
      "oos": {
        "n_trades": 87797,
        "n_events": 412,
        "event_mean": 0.05351795578884925,
        "ci_lo": 0.03562372434045067,
        "ci_hi": 0.07063083306987358
      }
    },
    "Tmid3-12h": {
      "train": {
        "n_trades": 2682,
        "n_events": 240,
        "event_mean": -0.04451970875315507,
        "ci_lo": -0.10580248102222843,
        "ci_hi": 0.012539977430136294
      },
      "oos": {
        "n_trades": 2936,
        "n_events": 66,
        "event_mean": -0.005762549153447611,
        "ci_lo": -0.11119279004049311,
        "ci_hi": 0.08790381923302569
      }
    },
    "Tfar>=12h": {
      "train": {
        "n_trades": 110,
        "n_events": 39,
        "event_mean": -0.01665889665889666,
        "ci_lo": -0.16287597125097125,
        "ci_hi": 0.12073557692307693
      },
      "oos": {
        "n_trades": 298,
        "n_events": 19,
        "event_mean": 0.02787589385052763,
        "ci_lo": -0.15509691958242214,
        "ci_hi": 0.2018528886502808
      }
    },
    "B1[.70,.78) x Tnear<3h": {
      "train": {
        "n_trades": 26604,
        "n_events": 1571,
        "event_mean": 0.08041014959362272,
        "ci_lo": 0.06467240948772611,
        "ci_hi": 0.09561705750409649
      },
      "oos": {
        "n_trades": 22056,
        "n_events": 376,
        "event_mean": 0.08193856899823407,
        "ci_lo": 0.05213111487261402,
        "ci_hi": 0.11198540216088479
      }
    },
    "B1[.70,.78) x Tmid3-12h": {
      "train": {
        "n_trades": 1468,
        "n_events": 216,
        "event_mean": -0.011879960634290707,
        "ci_lo": -0.06974848665090398,
        "ci_hi": 0.04638064346189276
      },
      "oos": {
        "n_trades": 1819,
        "n_events": 58,
        "event_mean": 0.008591847819096813,
        "ci_lo": -0.11055199634175937,
        "ci_hi": 0.11458113326277683
      }
    },
    "B1[.70,.78) x Tfar>=12h": {
      "train": {
        "n_trades": 107,
        "n_events": 38,
        "event_mean": 0.007968500797448182,
        "ci_lo": -0.1285671351674641,
        "ci_hi": 0.14046959728867628
      },
      "oos": {
        "n_trades": 297,
        "n_events": 19,
        "event_mean": 0.03359957806105394,
        "ci_lo": -0.14438650579314574,
        "ci_hi": 0.20391351083503814
      }
    },
    "B2[.78,.86) x Tnear<3h": {
      "train": {
        "n_trades": 29397,
        "n_events": 1633,
        "event_mean": 0.07649949349216663,
        "ci_lo": 0.0640017266098187,
        "ci_hi": 0.08877610335267842
      },
      "oos": {
        "n_trades": 25474,
        "n_events": 396,
        "event_mean": 0.08738629132191236,
        "ci_lo": 0.06507478982356744,
        "ci_hi": 0.10830643579870759
      }
    },
    "B2[.78,.86) x Tmid3-12h": {
      "train": {
        "n_trades": 581,
        "n_events": 88,
        "event_mean": -0.11727489425495778,
        "ci_lo": -0.2127567794657994,
        "ci_hi": -0.026090034364912876
      },
      "oos": {
        "n_trades": 469,
        "n_events": 21,
        "event_mean": -0.05496785456606885,
        "ci_lo": -0.24550318603767265,
        "ci_hi": 0.12979442109230035
      }
    },
    "B2[.78,.86) x Tfar>=12h": {
      "train": {
        "n_trades": 0,
        "n_events": 0,
        "event_mean": null,
        "ci_lo": null,
        "ci_hi": null
      },
      "oos": {
        "n_trades": 0,
        "n_events": 0,
        "event_mean": null,
        "ci_lo": null,
        "ci_hi": null
      }
    },
    "B3[.86,.95] x Tnear<3h": {
      "train": {
        "n_trades": 51455,
        "n_events": 1729,
        "event_mean": 0.02878197516714817,
        "ci_lo": 0.01938668661084243,
        "ci_hi": 0.03836318687847589
      },
      "oos": {
        "n_trades": 40267,
        "n_events": 406,
        "event_mean": 0.0381359226367996,
        "ci_lo": 0.01796321826612311,
        "ci_hi": 0.0544971787347521
      }
    },
    "B3[.86,.95] x Tmid3-12h": {
      "train": {
        "n_trades": 633,
        "n_events": 40,
        "event_mean": -0.22540847085917415,
        "ci_lo": -0.38139582770692515,
        "ci_hi": -0.09318323137752557
      },
      "oos": {
        "n_trades": 648,
        "n_events": 13,
        "event_mean": 0.01726031947726652,
        "ci_lo": -0.14175219232282094,
        "ci_hi": 0.10378611957906753
      }
    },
    "B3[.86,.95] x Tfar>=12h": {
      "train": {
        "n_trades": 3,
        "n_events": 1,
        "event_mean": -0.9525,
        "ci_lo": null,
        "ci_hi": null
      },
      "oos": {
        "n_trades": 1,
        "n_events": 1,
        "event_mean": -0.9424999999999999,
        "ci_lo": null,
        "ci_hi": null
      }
    }
  },
  "sweet_spots_strict": [],
  "low_band_passes": true,
  "gate": {
    "min_oos_events": 30,
    "rank_top": 2
  }
}