{
  "KXATPMATCH": {
    "prefix": "KXATPMATCH",
    "baseline": {
      "train": {
        "n_trades": 42408,
        "n_events": 681,
        "event_mean": 0.048733845977287645,
        "ci_lo": 0.03196187398450249,
        "ci_hi": 0.06478633594436452
      },
      "oos": {
        "n_trades": 69186,
        "n_events": 493,
        "event_mean": 0.05091820676985781,
        "ci_lo": 0.03290493511854202,
        "ci_hi": 0.0677291170078119
      }
    },
    "cells": {
      "LOW[.70,.86)": {
        "train": {
          "n_trades": 24791,
          "n_events": 632,
          "event_mean": 0.0709776959727713,
          "ci_lo": 0.04943289867254497,
          "ci_hi": 0.09168103154152289
        },
        "oos": {
          "n_trades": 37836,
          "n_events": 475,
          "event_mean": 0.06844483234127081,
          "ci_lo": 0.044295783341039056,
          "ci_hi": 0.09111347357838132
        }
      },
      "B1[.70,.78)": {
        "train": {
          "n_trades": 12447,
          "n_events": 560,
          "event_mean": 0.07316336000569983,
          "ci_lo": 0.04679894200205361,
          "ci_hi": 0.09908639981610698
        },
        "oos": {
          "n_trades": 19125,
          "n_events": 443,
          "event_mean": 0.06802199868897003,
          "ci_lo": 0.037540518461714426,
          "ci_hi": 0.0963403260951517
        }
      },
      "B2[.78,.86)": {
        "train": {
          "n_trades": 12344,
          "n_events": 592,
          "event_mean": 0.051669568692924016,
          "ci_lo": 0.029295099722846416,
          "ci_hi": 0.07281141170860866
        },
        "oos": {
          "n_trades": 18711,
          "n_events": 459,
          "event_mean": 0.0656493847347681,
          "ci_lo": 0.041144953025986565,
          "ci_hi": 0.08808419192291418
        }
      },
      "B3[.86,.95]": {
        "train": {
          "n_trades": 17617,
          "n_events": 645,
          "event_mean": 0.025509058629126145,
          "ci_lo": 0.009451110689333032,
          "ci_hi": 0.041131827943262686
        },
        "oos": {
          "n_trades": 31350,
          "n_events": 484,
          "event_mean": 0.03302122995586285,
          "ci_lo": 0.016688800841454948,
          "ci_hi": 0.04849753357667747
        }
      }
    },
    "low_passes": true,
    "band_concentration": false
  },
  "KXWTAMATCH": {
    "prefix": "KXWTAMATCH",
    "baseline": {
      "train": {
        "n_trades": 31039,
        "n_events": 660,
        "event_mean": 0.04674401122113154,
        "ci_lo": 0.028443203178634753,
        "ci_hi": 0.0632653729146944
      },
      "oos": {
        "n_trades": 51711,
        "n_events": 452,
        "event_mean": 0.0429291490630277,
        "ci_lo": 0.021477478793797113,
        "ci_hi": 0.06284704939101822
      }
    },
    "cells": {
      "LOW[.70,.86)": {
        "train": {
          "n_trades": 18811,
          "n_events": 630,
          "event_mean": 0.07062647435038057,
          "ci_lo": 0.050009016341163504,
          "ci_hi": 0.09178273835970681
        },
        "oos": {
          "n_trades": 31529,
          "n_events": 441,
          "event_mean": 0.07230706537267553,
          "ci_lo": 0.04901933585253081,
          "ci_hi": 0.09624213999691651
        }
      },
      "B1[.70,.78)": {
        "train": {
          "n_trades": 9556,
          "n_events": 558,
          "event_mean": 0.06861421896086083,
          "ci_lo": 0.04312976066435608,
          "ci_hi": 0.09584039790919599
        },
        "oos": {
          "n_trades": 16002,
          "n_events": 399,
          "event_mean": 0.08359359097147896,
          "ci_lo": 0.0549621811519662,
          "ci_hi": 0.11016944321276237
        }
      },
      "B2[.78,.86)": {
        "train": {
          "n_trades": 9255,
          "n_events": 571,
          "event_mean": 0.0657039548805716,
          "ci_lo": 0.04420705514319094,
          "ci_hi": 0.08653195436997871
        },
        "oos": {
          "n_trades": 15527,
          "n_events": 431,
          "event_mean": 0.049524218529622445,
          "ci_lo": 0.02357705894860021,
          "ci_hi": 0.07426799676542377
        }
      },
      "B3[.86,.95]": {
        "train": {
          "n_trades": 12228,
          "n_events": 606,
          "event_mean": 0.028759579836423972,
          "ci_lo": 0.012984801749783772,
          "ci_hi": 0.04373696068144613
        },
        "oos": {
          "n_trades": 20182,
          "n_events": 442,
          "event_mean": 0.011419652849050053,
          "ci_lo": -0.010449533104149483,
          "ci_hi": 0.031626068094149244
        }
      }
    },
    "low_passes": true,
    "band_concentration": true
  }
}