{
  "KXMLBGAME": {
    "prefix": "KXMLBGAME",
    "baseline": {
      "train": {
        "n_trades": 317871,
        "n_events": 1784,
        "event_mean": 0.04802490614963761,
        "ci_lo": 0.037638065626766117,
        "ci_hi": 0.05806069744170035
      },
      "oos": {
        "n_trades": 314200,
        "n_events": 413,
        "event_mean": 0.04403975856670099,
        "ci_lo": 0.02222457747979902,
        "ci_hi": 0.0647028852048644
      }
    },
    "cells": {
      "LOW[.70,.86)": {
        "train": {
          "n_trades": 198326,
          "n_events": 1766,
          "event_mean": 0.07058274070328045,
          "ci_lo": 0.05831906038047057,
          "ci_hi": 0.08299354413673726
        },
        "oos": {
          "n_trades": 198744,
          "n_events": 411,
          "event_mean": 0.06856712962543789,
          "ci_lo": 0.04151800402507982,
          "ci_hi": 0.09388816908468392
        }
      },
      "B1[.70,.78)": {
        "train": {
          "n_trades": 104025,
          "n_events": 1690,
          "event_mean": 0.07791095237399162,
          "ci_lo": 0.06324435197034194,
          "ci_hi": 0.09281472580817657
        },
        "oos": {
          "n_trades": 101884,
          "n_events": 403,
          "event_mean": 0.07617258388796681,
          "ci_lo": 0.044440100306428365,
          "ci_hi": 0.10710003991415121
        }
      },
      "B2[.78,.86)": {
        "train": {
          "n_trades": 94301,
          "n_events": 1692,
          "event_mean": 0.0650656373120286,
          "ci_lo": 0.05159957745916101,
          "ci_hi": 0.07715937843797807
        },
        "oos": {
          "n_trades": 96860,
          "n_events": 406,
          "event_mean": 0.0769806718699572,
          "ci_lo": 0.052317053568894094,
          "ci_hi": 0.09929319551448203
        }
      },
      "B3[.86,.95]": {
        "train": {
          "n_trades": 119545,
          "n_events": 1720,
          "event_mean": 0.02879309845566812,
          "ci_lo": 0.018804248125314477,
          "ci_hi": 0.03823677002525411
        },
        "oos": {
          "n_trades": 115456,
          "n_events": 407,
          "event_mean": 0.03302619964634896,
          "ci_lo": 0.013259817716965105,
          "ci_hi": 0.0509183860895623
        }
      }
    },
    "baseline_confirms": true,
    "low_confirms": true
  },
  "KXATPMATCH": {
    "prefix": "KXATPMATCH",
    "baseline": {
      "train": {
        "n_trades": 144569,
        "n_events": 695,
        "event_mean": 0.04105225706265706,
        "ci_lo": 0.022623950003051473,
        "ci_hi": 0.05969558418426047
      },
      "oos": {
        "n_trades": 281162,
        "n_events": 494,
        "event_mean": 0.039004286324862365,
        "ci_lo": 0.01643464266012085,
        "ci_hi": 0.06160570220140403
      }
    },
    "cells": {
      "LOW[.70,.86)": {
        "train": {
          "n_trades": 84271,
          "n_events": 663,
          "event_mean": 0.06268589508456224,
          "ci_lo": 0.03953214124861908,
          "ci_hi": 0.08462418623505054
        },
        "oos": {
          "n_trades": 161260,
          "n_events": 483,
          "event_mean": 0.05595875763520203,
          "ci_lo": 0.029301282120112456,
          "ci_hi": 0.08154513200399027
        }
      },
      "B1[.70,.78)": {
        "train": {
          "n_trades": 41715,
          "n_events": 623,
          "event_mean": 0.07625755451030174,
          "ci_lo": 0.04943623353177185,
          "ci_hi": 0.1001953844114365
        },
        "oos": {
          "n_trades": 81694,
          "n_events": 469,
          "event_mean": 0.07061040443870993,
          "ci_lo": 0.040658554110613,
          "ci_hi": 0.10024724790563921
        }
      },
      "B2[.78,.86)": {
        "train": {
          "n_trades": 42556,
          "n_events": 640,
          "event_mean": 0.050443185343092466,
          "ci_lo": 0.02711906076888984,
          "ci_hi": 0.07149107244328898
        },
        "oos": {
          "n_trades": 79566,
          "n_events": 473,
          "event_mean": 0.05555807547508605,
          "ci_lo": 0.02953544324047578,
          "ci_hi": 0.08021511363924407
        }
      },
      "B3[.86,.95]": {
        "train": {
          "n_trades": 60298,
          "n_events": 665,
          "event_mean": 0.015618773720391966,
          "ci_lo": -0.002459636608166197,
          "ci_hi": 0.032299921538785685
        },
        "oos": {
          "n_trades": 119902,
          "n_events": 481,
          "event_mean": 0.025943052455908826,
          "ci_lo": 0.007687242632858477,
          "ci_hi": 0.0433663130763592
        }
      }
    },
    "baseline_confirms": true,
    "low_confirms": true
  },
  "KXWTAMATCH": {
    "prefix": "KXWTAMATCH",
    "baseline": {
      "train": {
        "n_trades": 103796,
        "n_events": 673,
        "event_mean": 0.0410235286513704,
        "ci_lo": 0.02069561273495794,
        "ci_hi": 0.060293079253721626
      },
      "oos": {
        "n_trades": 204598,
        "n_events": 452,
        "event_mean": 0.019373607066522507,
        "ci_lo": -0.00648446978084988,
        "ci_hi": 0.04464977167943957
      }
    },
    "cells": {
      "LOW[.70,.86)": {
        "train": {
          "n_trades": 65159,
          "n_events": 659,
          "event_mean": 0.0637992061342193,
          "ci_lo": 0.04143391378387781,
          "ci_hi": 0.0858052915362303
        },
        "oos": {
          "n_trades": 132982,
          "n_events": 445,
          "event_mean": 0.04319444288480758,
          "ci_lo": 0.013906358835931228,
          "ci_hi": 0.07103676158403756
        }
      },
      "B1[.70,.78)": {
        "train": {
          "n_trades": 33992,
          "n_events": 612,
          "event_mean": 0.07278448994372388,
          "ci_lo": 0.04881501505697808,
          "ci_hi": 0.09821428454577473
        },
        "oos": {
          "n_trades": 68146,
          "n_events": 425,
          "event_mean": 0.06789604786582829,
          "ci_lo": 0.037340079551115186,
          "ci_hi": 0.0981087645391314
        }
      },
      "B2[.78,.86)": {
        "train": {
          "n_trades": 31167,
          "n_events": 627,
          "event_mean": 0.05753856468625567,
          "ci_lo": 0.03572335132355794,
          "ci_hi": 0.07905196409447814
        },
        "oos": {
          "n_trades": 64836,
          "n_events": 442,
          "event_mean": 0.02646571954803645,
          "ci_lo": -0.0009541597646115347,
          "ci_hi": 0.05427926580551177
        }
      },
      "B3[.86,.95]": {
        "train": {
          "n_trades": 38637,
          "n_events": 632,
          "event_mean": 0.02571478252668591,
          "ci_lo": 0.009292391719919987,
          "ci_hi": 0.041458678399466396
        },
        "oos": {
          "n_trades": 71616,
          "n_events": 447,
          "event_mean": 0.002866122173237525,
          "ci_lo": -0.02174706248146744,
          "ci_hi": 0.024385982772476934
        }
      }
    },
    "baseline_confirms": false,
    "low_confirms": true
  }
}